Id,Nombre,ApellidoPaterno,ApellidoMaterno,phone,CP,address,email,Genero,Edad
1,Gage,Arenas,GARCIA,5581667688,20000,Ap #393-9283 Feugiat. St.,nisl@google.couk,Masculino,>31
2,Price,Carmona,RODRIGUEZ,5571301524,20010,264-2083 Neque. St.,pede@icloud.couk,Masculino,39
3,Walker,Castillejos,GONZALEZ,5571556552,20010,Ap #120-4500 Dolor. Ave,imperdiet@hotmail.net,Masculino,>26
4,Anthony,C¢rdova,FERNANDEZ,5585048945,20010,"P.O. Box 680, 2788 Risus. Rd.",nec.orci@protonmail.ca,Masculino,35
5,Dean,Corona,LOPEZ,5572801175,20010,393-3592 Risus. Ave,malesuada@yahoo.net,Masculino,41
6,Avram,Delgado,MARTINEZ,5529014111,20010,596 Nunc Avenue,enim@google.net,Masculino,31
7,Tarik,D¡az,SANCHEZ,5588059866,20016,325-9361 Malesuada Road,ultrices.posuere@protonmail.com,Masculino,54
8,Arsenio,Enciso,PEREZ,5548733083,20016,"P.O. Box 733, 9940 Orci. St.",non.hendrerit@icloud.ca,Masculino,-31
9,Dale,Esquivel,GOMEZ,5531717568,20016,230-5893 Proin Avenue,porta.elit@yahoo.com,Masculino,49
10,Leroy,Fern ndez,MARTIN,5586671024,20016,Ap #657-5219 Nascetur St.,curabitur.consequat.lectus@protonmail.com,Masculino,22
11,Blake,Ferreira,JIMENEZ,5556128125,20018,172-9983 Ipsum Ave,ac.nulla@hotmail.couk,M,-57
12,Hall,Flores,HERNANDEZ,5544756553,20020,725-1796 Dolor. Rd.,non.feugiat@aol.couk,M,45
13,Quamar,Fuentes,RUIZ,5533254330,20020,Ap #650-9538 Pretium Street,vitae@aol.edu,M,49
14,Adam,Fuentes,DIAZ,5582982835,20020,2274 Natoque Av.,sagittis.duis.gravida@outlook.ca,M,31
15,Ethan,Galindo,MORENO,5589431813,20020,250-2362 Commodo Rd.,ante.ipsum@hotmail.net,M,25
16,Jack,Garc¡a,MU¥OZ,5596437872,20029,713-2103 Odio Rd.,elit.elit.fermentum@hotmail.com,M,31
17,Marshall,Gil,ALVAREZ,5577339856,20030,3075 Nunc St.,quis@hotmail.com,M,56
18,Ferris,Gonz lez,ROMERO,5547863148,20030,Ap #482-3400 Aenean Avenue,parturient.montes@google.net,M,>32
19,Logan,Gonz lez,GUTIERREZ,5568624126,20030,540-7474 Mauris. Avenue,malesuada.augue@icloud.com,M,58
20,Fitzgerald,Gonz lez,ALONSO,5590175662,20040,Ap #152-2226 Sit Rd.,tortor.dictum@hotmail.org,M,48
21,Jack,Guadarrama,NAVARRO,5506821731,20040,673-8665 Rutrum Rd.,ac.fermentum@yahoo.couk,M,49
22,Lucian,Guerra,TORRES,5521998367,20040,"8036 Elit, St.",turpis.non@yahoo.com,M,36
23,Bradley,Guerrero,DOMINGUEZ,5582342448,20040,Ap #271-2082 Fermentum Ave,volutpat.nulla.dignissim@outlook.net,M,37
24,Adrian,Guti‚rrez,RAMOS,5588850923,20040,"Ap #403-9255 Nec, Rd.",ut.molestie@protonmail.org,M,59
25,Barclay,Hern ndez,VAZQUEZ,5552161771,20040,Ap #789-1106 Ante Rd.,lorem.ac.risus@google.edu,M,>29
26,Akeem,Hern ndez,RAMIREZ,5575173515,20049,"P.O. Box 426, 2455 Non, Road",quam.a.felis@yahoo.edu,M,50
27,Yuli,Hern ndez,GIL,5538526838,20050,Ap #704-2309 Praesent Avenue,arcu.ac.orci@yahoo.net,M,36
28,Castor,Hern ndez,SERRANO,5518580338,20050,Ap #301-9998 Lorem Ave,non.sapien@google.org,M,>57
29,Tyrone,Hern ndez,MORALES,5565283189,20050,589-1940 Nibh Road,tempus@protonmail.org,M,44
30,Fitzgerald,Herrera,MOLINA,5593411454,20050,5234 Vehicula St.,erat.semper@google.org,M,55
31,Nathan,Herrera,BLANCO,5556127351,20050,3140 Ipsum. Ave,molestie.in@icloud.org,M,>57
32,Cody,Jasso,SUAREZ,5515750932,20050,Ap #929-2301 Scelerisque Road,montes.nascetur.ridiculus@yahoo.ca,M,31
33,Francis,Ju rez,CASTRO,5506883352,20059,192-798 Iaculis Avenue,ipsum.suspendisse.sagittis@protonmail.couk,M,38
34,Caldwell,Lara,ORTEGA,5589686848,20059,Ap #226-5563 Ac Ave,sagittis.nullam@icloud.couk,M,22
35,Chadwick,Lemus,DELGADO,5515261876,20060,Ap #200-8873 Eget Street,non.luctus@yahoo.couk,M,40
36,Channing,Lemus,ORTIZ,5547547127,20060,"P.O. Box 838, 1742 Et Av.",non.justo@google.couk,M,35
37,Burton,Le¢n,MARIN,5582893149,20064,"7316 Lorem, Av.",nunc.mauris.elit@protonmail.org,M,-46
38,Patrick,L¢pez,RUBIO,5585473982,20070,"P.O. Box 498, 9339 Rutrum Av.",dictum.mi@yahoo.com,M,36
39,Troy,Maldonado,NU¥EZ,5521146828,20070,6384 Ut Rd.,mauris@yahoo.ca,M,46
40,Chase,Mar¡n,SANZ,5594623251,20070,Ap #688-3533 Tempor St.,cras.eget.nisi@outlook.edu,M,-24
41,Kenyon,Mart¡nez,MEDINA,5589424253,20078,Ap #868-3553 Mauris Street,penatibus@google.net,M,47
42,Jameson,Estrada,IGLESIAS,5556767882,20080,8737 Tristique Road,phasellus.fermentum.convallis@icloud.ca,M,43
43,Chase,Hurtado,CASTILLO,5543544413,20080,Ap #639-9644 Ligula Road,arcu@protonmail.com,M,27
44,Gareth,Ortiz,CORTES,5584204711,20089,"P.O. Box 730, 3172 Litora Av.",orci.donec.nibh@icloud.com,M,53
45,Bruce,Mancio,GARRIDO,5543908277,20100,5665 Dictum Rd.,mi.tempor@protonmail.couk,M,24
46,Josiah,Gil,SANTOS,5502372586,20100,7344 Justo Ave,nullam.scelerisque.neque@protonmail.net,M,39
47,Salvador,Garc¡a,GUERRERO,5573463523,20100,819-8647 Vel St.,odio.a.purus@protonmail.ca,M,53
48,Tanner,R¡os,LOZANO,5552668678,20100,172-4186 Interdum Rd.,nunc.sed@protonmail.net,M,40
49,Jacob,Rodr¡guez,CANO,5545268915,20100,"P.O. Box 455, 1784 Orci, Rd.",et@outlook.org,M,33
50,Scott,Campos,MENDEZ,5561440020,20100,Ap #464-562 Euismod Ave,rhoncus.donec@hotmail.couk,M,49
51,Carter,Espinoza,CRUZ,5581043117,20110,3118 Pede. Avenue,molestie.tortor@hotmail.com,M,29
52,Solomon,Delgado,PRIETO,5561132261,20110,827-9270 Massa St.,quis@outlook.com,M,45
53,Burton,Pe¤a,FLORES,5564027485,20110,4330 Ultrices. St.,lorem.ipsum@outlook.org,M,40
54,Benjamin,Albarr n,HERRERA,5515512331,20110,"P.O. Box 847, 6581 Vulputate Rd.",euismod.est.arcu@aol.ca,M,>50
55,Kermit,Alvarez,PE¥A,5595949391,20110,193-9270 Nunc. Av.,aenean.gravida@outlook.com,M,31
56,Cyrus,Cervantes,LEON,5557585876,20110,535-5363 Nascetur Road,sit.amet.ante@outlook.ca,M,39
57,Cullen,Ortiz,MARQUEZ,5558418715,20110,648-7503 Erat Road,nisi.aenean@yahoo.edu,M,43
58,Aidan,Vallejo,CABRERA,5533982382,20115,653-8162 Egestas Street,sit@protonmail.net,M,41
59,Kuame,Garc¡a,GALLEGO,5505463843,20115,683-8600 Lacinia Rd.,lacus.nulla@hotmail.com,M,46
60,Thane,Z£¤iga,CALVO,5546635453,20115,"P.O. Box 635, 2324 Sociis Rd.",penatibus@protonmail.org,M,26
61,Tyrone,Marcial,VIDAL,5572380742,20115,"P.O. Box 378, 273 Dolor Av.",a.facilisis@aol.couk,M,-51
62,Giacomo,Miguel,CAMPOS,5578161442,20115,400-519 Sed Rd.,odio.tristique.pharetra@protonmail.com,M,51
63,Uriah,Fierro,REYES,5547733366,20115,181-7490 Egestas St.,est@protonmail.ca,M,51
64,Todd,Valdez,VEGA,5564345772,20115,"P.O. Box 475, 6978 Sit Street",curae.donec@outlook.edu,M,47
65,Abdul,Valdez,FUENTES,5538955873,20115,Ap #796-6313 Eu Av.,taciti@outlook.edu,M,52
66,Allen,Ib ¤ez,CARRASCO,5555521927,20116,Ap #244-6154 Odio. Ave,mattis.velit.justo@yahoo.edu,M,52
67,Prescott,Garc¡a,DIEZ,5548611421,20116,8675 Ornare St.,vitae.aliquet@aol.edu,M,43
68,Armando,Rojas,AGUILAR,5533165444,20116,Ap #163-4478 Enim Avenue,lacus@hotmail.couk,M,29
69,Dale,Arenas,CABALLERO,5580451583,20116,1798 Ligula. Ave,elit.aliquam@google.couk,M,23
70,Gage,Carmona,NIETO,5585082194,20118,407-2162 Felis. Avenue,nec.urna@icloud.com,M,28
71,Wallace,Castillejos,SANTANA,5544088658,20118,"P.O. Box 124, 9094 Luctus Avenue",justo.eu@icloud.edu,M,26
72,Baker,C¢rdova,PASCUAL,5531361468,20118,Ap #475-6676 Urna Av.,vestibulum@icloud.org,M,>38
73,John,Corona,HERRERO,5516021815,20118,Ap #665-457 In St.,non@hotmail.org,M,36
74,Xander,Delgado,VARGAS,5509342289,20118,Ap #706-1641 Enim St.,lacinia@yahoo.edu,M,32
75,Ira,D¡az,GIMENEZ,5522388720,20118,Ap #876-4274 Adipiscing Avenue,eget.dictum@outlook.net,M,60
76,Lane,Enciso,MONTERO,5590113636,20118,693-2555 Nonummy Avenue,sagittis@hotmail.net,M,57
77,Lester,Esquivel,HIDALGO,5551344126,20118,"5741 Quam, Street",tortor.nunc.commodo@aol.ca,M,36
78,Stone,Fern ndez,LORENZO,5545027932,20118,Ap #972-2972 Ac Avenue,ac.mattis@protonmail.net,M,35
79,Cameron,Ferreira,SANTIAGO,5553257978,20118,6629 Malesuada Road,eget.ipsum@outlook.org,M,48
80,Steel,Flores,IBA¥EZ,5544463788,20118,923-8840 Nisi. Avenue,mi.lacinia@google.org,M,54
81,Jerry,Fuentes,DURAN,5527871990,20118,396-3894 Non St.,molestie.tellus@hotmail.couk,M,29
82,Gage,Fuentes,BENITEZ,5567760591,20118,"P.O. Box 142, 8222 Dictum Av.",ante.vivamus@protonmail.ca,M,26
83,Jonas,Galindo,FERRER,5538053986,20118,561 Et Ave,sed.tortor.integer@hotmail.org,M,48
84,Owen,Garc¡a,ARIAS,5537184940,20118,"P.O. Box 143, 3772 Vitae St.",auctor.mauris.vel@icloud.couk,M,59
85,Nash,Gil,MORA,5548096265,20118,Ap #318-5548 Amet Road,turpis.egestas@icloud.net,M,55
86,Jermaine,Gonz lez,CARMONA,5525511335,20118,503-1790 Pede Rd.,eget.tincidunt.dui@google.edu,M,59
87,Coby,Gonz lez,VICENTE,5553874882,20118,"P.O. Box 594, 6250 Mauris St.",magna.a.neque@icloud.couk,M,60
88,Theodore,Gonz lez,ROJAS,5536576504,20119,6723 Quisque Av.,quis.turpis@icloud.org,M,>55
89,Slade,Guadarrama,SOTO,5552420286,20119,"Ap #747-4301 Ut, Rd.",sed.malesuada@protonmail.com,M,38
90,Harding,Guerra,CRESPO,5549946202,20120,5614 Vivamus Rd.,tincidunt@google.edu,M,56
91,Oleg,Guerrero,ROMAN,5570657635,20120,Ap #766-5612 Arcu Rd.,at.iaculis.quis@yahoo.net,M,52
92,Sean,Guti‚rrez,PASTOR,5560644770,20120,"P.O. Box 396, 1531 Consectetuer Avenue",aliquam.ornare@yahoo.edu,M,55
93,Alfonso,Hern ndez,VELASCO,5524246919,20123,697 Lectus Av.,elit@protonmail.ca,M,30
94,Paki,Hern ndez,PARRA,5591561163,20123,9325 Hendrerit Avenue,netus.et@outlook.edu,M,28
95,Alden,Hern ndez,SAEZ,5514883010,20124,Ap #490-4942 Vestibulum. Rd.,sit.amet@google.org,M,55
96,Chase,Hern ndez,MOYA,5572752980,20124,909-7716 Enim. Rd.,aenean.gravida@google.net,M,58
97,Clarke,Hern ndez,BRAVO,5581028968,20126,806-132 Aliquam Rd.,aliquet.vel@icloud.couk,M,25
98,Dominic,Herrera,SOLER,5512355550,20126,Ap #853-7470 Risus. St.,dui.fusce@protonmail.org,M,37
99,Keaton,Herrera,GALLARDO,5514089928,20126,640 Ultrices St.,ante.nunc.mauris@google.org,M,35
100,Adam,Jasso,RIVERA,5553610767,20126,Ap #688-2844 At Road,cum@icloud.org,M,42
101,Savannah,Ju rez,GARCIA,5544285217,20126,Ap #943-4210 Ac Av.,imperdiet.non@outlook.org,Femenino,34
102,Larissa,Lara,RODRIGUEZ,5502540371,20126,Ap #939-1609 Ut St.,fringilla.purus@google.com,Femenino,30
103,Uta,Lemus,GONZALEZ,5584940729,20126,618-410 Quisque St.,auctor.mauris.vel@yahoo.com,Femenino,>49
104,Noel,Lemus,FERNANDEZ,5525946483,20126,4564 Pharetra Street,lacinia.vitae.sodales@outlook.edu,Femenino,32
105,Lacy,Le¢n,LOPEZ,5525812101,20126,635-8673 Facilisis Avenue,lacus@hotmail.edu,Femenino,45
106,Ifeoma,L¢pez,MARTINEZ,5517333460,20126,Ap #900-6954 Enim Avenue,pede.ac@protonmail.com,Femenino,37
107,Kimberley,Maldonado,SANCHEZ,5584212724,20126,Ap #719-4823 Ipsum Av.,luctus.curabitur@google.com,Femenino,>51
108,Jordan,Mar¡n,PEREZ,5567383286,20126,685-4125 Massa. Avenue,duis.sit@yahoo.couk,Femenino,59
109,Joelle,Mart¡nez,GOMEZ,5517837515,20126,535-5529 Lorem St.,ipsum.nunc@protonmail.org,Femenino,27
110,Rhiannon,Estrada,MARTIN,5507361880,20126,Ap #977-9873 Neque. St.,nulla.tincidunt.neque@yahoo.edu,Femenino,45
111,Maile,Hurtado,JIMENEZ,5557219717,20126,3876 Sit Rd.,ut.eros@google.com,F,22
112,Celeste,Ortiz,HERNANDEZ,5565111334,20126,193-3632 Rutrum. Rd.,sit.amet@hotmail.com,F,30
113,Jessica,Mancio,RUIZ,5526114326,20126,"8389 Auctor, Rd.",urna.et.arcu@hotmail.net,F,-53
114,Ingrid,Gil,DIAZ,5576455833,20126,394-2531 Lacus. Road,tincidunt.congue@icloud.com,F,44
115,Velma,Garc¡a,MORENO,5516336122,20126,2461 Massa. Av.,eleifend@protonmail.couk,F,24
116,Regina,R¡os,MU¥OZ,5526685827,20126,149-1436 Ligula Ave,ligula.consectetuer.rhoncus@aol.com,F,48
117,September,Rodr¡guez,ALVAREZ,5575285247,20126,Ap #488-7553 Lobortis Rd.,magna.malesuada@icloud.couk,F,-23
118,Whilemina,Campos,ROMERO,5516442648,20126,7577 Morbi Road,mattis.integer@yahoo.edu,F,45
119,Cassandra,Espinoza,GUTIERREZ,5538605386,20126,439-1141 Erat Av.,lorem.ut@icloud.com,F,26
120,Lenore,Delgado,ALONSO,5503193158,20126,"P.O. Box 894, 3731 Lobortis Ave",lectus@icloud.edu,F,37
121,Alma,Pe¤a,NAVARRO,5559834684,20126,"P.O. Box 209, 7172 In Street",magna.a@protonmail.net,F,59
122,Kiona,Albarr n,TORRES,5582427635,20126,"Ap #957-3617 Ornare, Rd.",metus.in.lorem@yahoo.ca,F,26
123,Brooke,Alvarez,DOMINGUEZ,5563572100,20126,"P.O. Box 253, 2936 Interdum St.",eu.ultrices@protonmail.couk,F,53
124,Karleigh,Cervantes,RAMOS,5568984384,20126,Ap #727-3211 Urna Street,feugiat.sed.nec@protonmail.couk,F,53
125,Quail,Ortiz,VAZQUEZ,5532643756,20126,910-8902 Sed Ave,et.euismod@outlook.couk,F,47
126,Jana,Vallejo,RAMIREZ,5585086776,20126,Ap #723-2452 Dictum Avenue,ultrices.mauris@outlook.ca,F,50
127,Lana,Garc¡a,GIL,5594025437,20126,131-7367 At Ave,consequat.nec.mollis@protonmail.ca,F,24
128,Gwendolyn,Z£¤iga,SERRANO,5594638867,20126,8591 Purus Av.,augue@hotmail.com,F,40
129,Quyn,Marcial,MORALES,5576818136,20126,"Ap #386-6311 Scelerisque, Rd.",neque@icloud.com,F,26
130,Cailin,Miguel,MOLINA,5512628719,20126,834-3988 Nulla St.,tempus.lorem@yahoo.com,F,27
131,Abigail,Fierro,BLANCO,5512167404,20127,256-8270 Sodales. St.,donec.nibh@protonmail.net,F,34
132,Quemby,Valdez,SUAREZ,5598849207,20128,7456 Magnis Street,in.at.pede@protonmail.com,F,47
133,Indigo,Valdez,CASTRO,5537149948,20129,736-648 Malesuada Rd.,duis.at@hotmail.edu,F,29
134,Ina,Ib ¤ez,ORTEGA,5590230531,20130,"236-8289 Nec, Rd.",nunc.sollicitudin@aol.net,F,58
135,Leah,Garc¡a,DELGADO,5513770964,20130,Ap #638-8545 Magna St.,dis.parturient@yahoo.net,F,55
136,Bryar,Rojas,ORTIZ,5515736324,20130,956-7957 Non Av.,enim@aol.edu,F,50
137,McKenzie,Arenas,MARIN,5520522528,20130,"P.O. Box 511, 4076 Ac Avenue",odio.semper@aol.edu,F,42
138,Hadassah,Carmona,RUBIO,5518255067,20130,Ap #718-3970 Curabitur Av.,vel.arcu.curabitur@protonmail.couk,F,44
139,Maris,Castillejos,NU¥EZ,5583167991,20130,4743 Mi St.,fermentum@yahoo.com,F,41
140,Kellie,C¢rdova,SANZ,5534421674,20130,"P.O. Box 539, 1862 Faucibus Rd.",aliquet.odio.etiam@yahoo.couk,F,58
141,Hiroko,Corona,MEDINA,5556434833,20130,"918-267 Amet, Road",dignissim.pharetra.nam@icloud.ca,F,28
142,Ria,Delgado,IGLESIAS,5555619755,20130,Ap #833-5271 Tincidunt Ave,eu.tellus@protonmail.net,F,31
143,Idona,D¡az,CASTILLO,5533255372,20130,1252 Libero. Av.,enim@hotmail.edu,F,23
144,Nell,Enciso,CORTES,5564843283,20130,Ap #396-459 Est. Ave,sit.amet.risus@aol.ca,F,59
145,Caryn,Esquivel,GARRIDO,5529081776,20130,Ap #630-2394 Egestas. St.,cum.sociis@yahoo.ca,F,25
146,Iliana,Fern ndez,SANTOS,5567701241,20130,Ap #636-9760 Congue St.,dolor.egestas@outlook.edu,F,39
147,Chantale,Ferreira,GUERRERO,5577341711,20130,"P.O. Box 806, 5810 Aliquam Ave",non.sollicitudin.a@aol.com,F,56
148,Destiny,Flores,LOZANO,5586241701,20135,889-136 Urna Avenue,sed.orci@hotmail.org,F,48
149,Pandora,Fuentes,CANO,5589556739,20135,700-6002 Pharetra. Street,elit.a.feugiat@protonmail.edu,F,39
150,Cynthia,Fuentes,MENDEZ,5596288356,20136,Ap #644-7582 Donec Rd.,posuere@outlook.net,F,32
151,Maxine,Galindo,CRUZ,5526251354,20137,Ap #644-4813 Suspendisse Rd.,sapien.gravida@google.edu,F,37
152,Yen,Garc¡a,PRIETO,5543678541,20138,"P.O. Box 657, 7878 Aliquet Avenue",rutrum.justo@aol.edu,F,47
153,Demetria,Gil,FLORES,5582425893,20138,491-9940 Dui Ave,suscipit.est@google.net,F,56
154,Amena,Gonz lez,HERRERA,5557608888,20138,Ap #517-7505 Sem Ave,blandit@protonmail.net,F,38
155,Aiko,Gonz lez,PEYA,5560918912,20138,Ap #332-4783 Molestie Avenue,dis.parturient@google.ca,F,40
156,Naida,Gonz lez,LEON,5578009899,20140,Ap #202-623 Nulla Road,molestie.orci@yahoo.com,F,36
157,Doris,Guadarrama,MARQUEZ,5538342021,20140,983-3676 Sem Rd.,vel@aol.ca,F,53
158,Fiona,Guerra,CABRERA,5575612317,20140,5028 Aenean St.,amet.consectetuer@google.couk,F,-33
159,Rebecca,Guerrero,GALLEGO,5515327875,20146,Ap #185-8856 Maecenas Avenue,interdum.feugiat@hotmail.edu,F,28
160,Gillian,Guti‚rrez,CALVO,5584576370,20149,Ap #402-3727 Scelerisque Rd.,velit.quisque.varius@google.edu,F,37
161,Glenna,Hern ndez,VIDAL,5532294749,20150,737-7811 Magnis Road,donec@aol.org,F,28
162,Kerry,Hern ndez,CAMPOS,5581521428,20150,8271 Cursus Road,dis.parturient@icloud.couk,F,51
163,Bertha,Hern ndez,REYES,5553622831,20150,"Ap #540-3432 Vulputate, St.",leo.cras@hotmail.ca,F,31
164,Kelsie,Hern ndez,VEGA,5501096750,20150,"P.O. Box 453, 5990 Consequat Street",eget@outlook.couk,F,53
165,Nevada,Hern ndez,FUENTES,5561242075,20150,"681-3852 At, Rd.",accumsan.convallis@outlook.edu,F,33
166,Amity,Herrera,CARRASCO,5554353231,20150,Ap #324-6494 Elit St.,primis.in.faucibus@protonmail.net,F,39
167,Erin,Herrera,DIEZ,5519098597,20150,Ap #802-4788 Magna. St.,scelerisque.sed@google.com,F,39
168,Pandora,Jasso,AGUILAR,5529881325,20150,Ap #345-7574 Est Ave,lectus.convallis@google.couk,F,41
169,Ursa,Ju rez,CABALLERO,5541994775,20157,4425 Tristique St.,interdum@yahoo.net,F,50
170,Shay,Lara,NIETO,5542823743,20157,"472-1690 Nec, Rd.",sed.pede@hotmail.couk,F,-59
171,Jaime,Lemus,SANTANA,5576748143,20158,177-3342 Netus Street,eleifend@hotmail.org,F,53
172,Delilah,Lemus,PASCUAL,5545247406,20158,7139 Pede St.,non.quam.pellentesque@aol.com,F,22
173,Germane,Le¢n,HERRERO,5576238562,20158,123-4182 Curabitur Av.,mauris@google.ca,F,45
174,Wanda,L¢pez,VARGAS,5511370702,20158,"Ap #766-8791 Egestas, Ave",tristique.ac@aol.couk,F,41
175,Lana,Maldonado,GIMENEZ,5528315602,20159,"P.O. Box 894, 776 Dolor Road",risus.in@outlook.edu,F,55
176,Ifeoma,Mar¡n,MONTERO,5573745096,20159,"P.O. Box 681, 2537 Orci St.",consectetuer.ipsum@aol.com,F,-41
177,Bianca,Mart¡nez,HIDALGO,5532473976,20160,"P.O. Box 833, 5620 Quam, St.",amet.risus@yahoo.couk,F,27
178,Heather,Estrada,LORENZO,5551183375,20160,"P.O. Box 434, 4523 Ultrices, Rd.",euismod@hotmail.net,F,58
179,Madonna,Hurtado,SANTIAGO,5512933414,20164,Ap #399-3230 Sollicitudin Avenue,metus.vitae.velit@yahoo.com,F,52
180,Azalia,Ortiz,IBA¥EZ,5559549111,20169,3494 In Street,risus@yahoo.couk,F,51
181,Hope,Mancio,DURAN,5537052377,20169,393-8819 Varius Ave,accumsan.neque@hotmail.edu,F,>51
182,Aurelia,Gil,BENITEZ,5538108087,20170,748-8130 Nulla. Rd.,donec.tincidunt@google.ca,F,33
183,Allegra,Garc¡a,FERRER,5582211576,20170,940-9816 Dolor. Rd.,vehicula.risus@outlook.org,F,51
184,Hanae,R¡os,ARIAS,5582224884,20170,773-5380 Ornare. Ave,phasellus.dapibus@yahoo.edu,F,>44
185,Basia,Rodr¡guez,MORA,5546115046,20170,Ap #636-4498 Dictum St.,in.lorem@google.ca,F,50
186,Sheila,Campos,CARMONA,5538376077,20170,Ap #227-2229 Arcu. Av.,lorem@google.org,F,39
187,Ivy,Espinoza,VICENTE,5578655435,20170,9071 Lorem Avenue,mauris@yahoo.couk,F,37
188,Regina,Delgado,ROJAS,5598795481,20170,Ap #379-7617 Vestibulum Road,eget.volutpat@aol.com,F,>36
189,Donna,Pe¤a,SOTO,5592233471,20170,850-921 Dolor. Road,aliquam@aol.couk,F,52
190,Quail,Albarr n,CRESPO,5549701344,20172,Ap #684-2341 Faucibus St.,a.arcu.sed@yahoo.ca,F,>40
191,Lydia,Alvarez,ROMAN,5597440520,20172,"P.O. Box 707, 9576 Rutrum, Av.",ultrices.duis@yahoo.org,F,40
192,Destiny,Cervantes,PASTOR,5531514765,20172,"743-5908 Sed, Av.",est.arcu.ac@icloud.edu,F,55
193,Erica,Ortiz,VELASCO,5577288152,20172,Ap #248-7553 Enim. Rd.,pharetra.nam@aol.org,F,-58
194,Brittany,Vallejo,PARRA,5529950378,20172,Ap #553-2438 Torquent Avenue,donec.fringilla@yahoo.net,F,25
195,Tanya,Garc¡a,SAEZ,5571464324,20172,Ap #826-4584 Aliquam Rd.,nunc.in@hotmail.net,F,36
196,Lana,Z£¤iga,MOYA,5534421253,20174,225-6939 In Street,non@aol.net,F,-52
197,Dahlia,Marcial,BRAVO,5506048446,20174,7069 Penatibus Rd.,tincidunt@outlook.edu,F,44
198,Aiko,Miguel,SOLER,5518022657,20174,Ap #529-4850 Sodales St.,semper.auctor@yahoo.org,F,-51
199,Chava,Fierro,GALLARDO,5521646840,20174,609-6838 Duis Av.,non.nisi.aenean@outlook.edu,F,-32
200,Macey,Valdez,RIVERA,5548676844,20174,709-9541 Ligula. St.,feugiat.metus@protonmail.org,F,44
